<?xml version="1.0" encoding="UTF-8" standalone="yes"?>
<addon id="plugin.video.CineDragon"
       name="Cine Dragon"
       version="1.0.0"
       provider-name="Juninho">
  <requires>
    <import addon="xbmc.python" version="2.1.0"/>
	<import addon="script.module.t0mm0.common" version="2.0.0"/>
    <import addon="script.module.beautifulsoup" version="3.2.1"/>
    <import addon="script.module.simple.downloader" version="0.9.4"/>
    <import addon="script.module.beautifulsoup4" />
    <import addon="script.module.simple.downloader" version="0.9.4"/>
    <import addon="script.module.requests" />
    <import addon="script.module.httplib2" />
    <import addon="script.module.youtube.dl" optional="true"/>
    <import addon="plugin.video.youtube" version="3.0.0"/>
    <import addon="script.module.urlresolver" optional="true"/>
    <import addon="script.module.simplejson" /> 
    <import addon="script.common.plugin.cache" version="2.5.2"/>
    <import addon="script.module.metahandler" version="2.5.1"/>

  </requires>
  <extension point="xbmc.python.pluginsource" library="default.py">
    <provides>video</provides>
  </extension>
 <extension point="xbmc.addon.repository" name="Repositório Teste">
	<info compressed="false">https://raw.githubusercontent.com/juninho122019/CineDragon1/main/addons.xml</info>
	<checksum>https://raw.githubusercontent.com/juninho122019/CineDragon1/main/addons.xml.md5</checksum>
	<datadir zip="true">https://mirrors.mit.edu/kodi/addons/leia/</datadir>
  </extension>
  
  <extension point="xbmc.addon.metadata">
    <summary lang="en">[COLOR lime]Cine Dragon é do grupo JRSJ companhia[/COLOR]</summary>
    <description lang="en">[COLOR lime]Obrigado por usar este addon
Não temos fins lucrativo mas para mantermos o Addon funcionando sua doação é importante seja qualquer valor para compensarmos nosso trabalho[/COLOR]</description>
     <disclaimer lang="en">Versão alpha</disclaimer>
	 	<news>V1.0.0 - Criação de Addon.</news>
    <platform>all</platform>
	<assets>
       <icon>icon.png</icon>
       <fanart>fanart.jpg</fanart>
       <screenshot>resources/screenshots/1.jpg</screenshot>
       <screenshot>resources/screenshots/2.jpg</screenshot>
       <screenshot>resources/screenshots/3.jpg</screenshot>
    </assets>
  </extension>
</addon>
